[{"id": "1174894135992385627", "type": 4, "name": "\u4fe1\u606f", "position": 0, "flags": 0, "parent_id": null, "permission_overwrites": []}, {"id": "1174894136491515956", "type": 4, "name": "\u6587\u5b57\u9891\u9053", "position": 4, "flags": 0, "parent_id": null, "permission_overwrites": []}, {"id": "1174894136491515959", "last_message_id": "1175710716196569130", "type": 0, "name": "\u9898\u5916-\u8bdd", "position": 7, "flags": 0, "parent_id": "1174894136491515956", "topic": null, "permission_overwrites": [], "rate_limit_per_user": 0, "nsfw": false}, {"id": "1174894136491515960", "type": 4, "name": "\u8bed\u97f3\u9891\u9053", "position": 8, "flags": 0, "parent_id": null, "permission_overwrites": []}, {"id": "1174894137162608731", "last_message_id": null, "type": 2, "name": "\u4f11\u606f\u5ba4", "position": 9, "flags": 0, "parent_id": "1174894136491515960", "bitrate": 64000, "user_limit": 0, "rtc_region": null, "permission_overwrites": [], "rate_limit_per_user": 0, "nsfw": false}, {"id": "1174894137162608732", "last_message_id": null, "type": 2, "name": "\u4f1a\u8bae\u5ba4", "position": 10, "flags": 0, "parent_id": "1174894136491515960", "bitrate": 64000, "user_limit": 0, "rtc_region": null, "permission_overwrites": [], "rate_limit_per_user": 0, "nsfw": false}]