{"id": "1174894135992385626", "name": "\u6376\u6376\u7684\u670d\u52a1\u5668", "description": null, "icon_hash": null, "splash_hash": null, "banner_hash": null, "home_header": null, "owner_id": "1174572185998868543", "application_id": null, "emoji_rev": null, "region": "south-korea", "afk_channel_id": null, "afk_timeout": 300, "system_channel_id": null, "widget_enabled": false, "widget_channel_id": null, "verification_level": 0, "features": [], "default_message_notifications": 0, "mfa_level": 0, "max_presences": null, "max_members": 500000, "vanity_url_code": null, "explicit_content_filter": 0, "system_channel_flags": 0, "preferred_locale": "en-US", "discovery_splash_hash": null, "rules_channel_id": null, "public_updates_channel_id": null, "sticker_rev": null, "data": {"safety_alerts_channel_id": null, "suspicious_mention_activity_until": null, "suspicious_mention_activity_ignored_until": null, "home_header_hash": null, "latest_onboarding_question_id": null, "latest_default_sound_id": null, "growing_friend_guild_upsell_level": 0, "incidents_data": null, "safety_rate_limits": {}, "safety_resource_limits": {}, "inventory_settings": null, "blocked_regions": []}, "roles": {"1174894135992385626": {"id": "1174894135992385626", "name": "@everyone", "description": null, "permissions": "559623605571137", "position": 0, "color": 0, "hoist": false, "managed": false, "mentionable": false, "icon": null, "unicode_emoji": null, "flags": 0}}, "custom_regions": {}}