[{"id": "1175125482778398810", "user_id": "1174572185998868543", "action_type": 25, "changes": [{"key": "$add", "new_value": [{"name": "Update notifications", "id": "1134238319778218197"}]}]}, {"id": "1175125472321998940", "user_id": "1174572185998868543", "action_type": 25, "changes": [{"key": "$add", "new_value": [{"name": "Event notifications", "id": "1134238060624756950"}]}]}, {"id": "1175125456320733184", "user_id": "1174572185998868543", "action_type": 25, "changes": [{"key": "$add", "new_value": [{"name": "Daily theme opt-out", "id": "1022109212039454741"}]}]}, {"id": "1175125428374089820", "user_id": "990755437722894396", "action_type": 25, "changes": [{"key": "$remove", "new_value": [{"name": "she/her", "id": "1055227422506754170"}]}]}, {"id": "1175125426838978661", "user_id": "1174572185998868543", "action_type": 25, "changes": [{"key": "$add", "new_value": [{"name": "she/her", "id": "1055227422506754170"}]}]}, {"id": "1175116236191957122", "user_id": "994704466811048006", "action_type": 25, "changes": [{"key": "$add", "new_value": [{"name": "Group 19", "id": "994310840910094367"}]}]}]