[{"id": "1174574546075004939", "type": 4, "name": "\u6587\u5b57\u9891\u9053", "position": 0, "flags": 0, "parent_id": null, "permission_overwrites": []}, {"id": "1174574546075004940", "type": 4, "name": "\u8bed\u97f3\u9891\u9053", "position": 0, "flags": 0, "parent_id": null, "permission_overwrites": []}, {"id": "1174574546075004941", "last_message_id": "1176096305928486962", "type": 0, "name": "\u5e38\u89c4", "position": 0, "flags": 0, "parent_id": "1174574546075004939", "topic": null, "permission_overwrites": [{"id": "1174574546075004938", "type": 0, "allow": "0", "deny": "0"}], "rate_limit_per_user": 0, "nsfw": false, "icon_emoji": {"id": null, "name": "\ud83d\udc4b"}, "theme_color": null}, {"id": "1174574546075004942", "last_message_id": null, "type": 2, "name": "\u5e38\u89c4", "position": 0, "flags": 0, "parent_id": "1174574546075004940", "bitrate": 64000, "user_limit": 0, "rtc_region": null, "permission_overwrites": [], "rate_limit_per_user": 0, "nsfw": false, "icon_emoji": {"id": null, "name": "\ud83c\udf99\ufe0f"}, "theme_color": null}]