{"id": "1174574546075004938", "name": "\u6376\u6376\u7684\u670d\u52a1\u5668", "description": null, "icon_hash": "2122e9ac9de857cca1320201836ca958", "splash_hash": null, "banner_hash": null, "home_header": null, "owner_id": "1174572185998868543", "application_id": null, "emoji_rev": null, "region": "singapore", "afk_channel_id": null, "afk_timeout": 300, "system_channel_id": "1174574546075004941", "widget_enabled": false, "widget_channel_id": null, "verification_level": 0, "features": [], "default_message_notifications": 0, "mfa_level": 0, "max_presences": null, "max_members": 500000, "vanity_url_code": null, "explicit_content_filter": 0, "system_channel_flags": 0, "preferred_locale": "en-US", "discovery_splash_hash": null, "rules_channel_id": null, "public_updates_channel_id": null, "sticker_rev": null, "data": {"safety_alerts_channel_id": null, "suspicious_mention_activity_until": null, "suspicious_mention_activity_ignored_until": null, "home_header_hash": null, "latest_onboarding_question_id": null, "latest_default_sound_id": null, "growing_friend_guild_upsell_level": 0, "incidents_data": null, "safety_rate_limits": {}, "safety_resource_limits": {}, "inventory_settings": null, "blocked_regions": []}, "roles": {"1174574546075004938": {"id": "1174574546075004938", "name": "@everyone", "description": null, "permissions": "559623605571137", "position": 0, "color": 0, "hoist": false, "managed": false, "mentionable": false, "icon": null, "unicode_emoji": null, "flags": 0}, "1175421241797124230": {"id": "1175421241797124230", "name": "YEE\u5f0f\u6a5f\u5668\u9f8d", "description": null, "permissions": "7272262672", "position": 1, "color": 0, "hoist": false, "managed": true, "mentionable": false, "icon": null, "unicode_emoji": null, "flags": 0, "tags": {"bot_id": "584213384409382953"}}, "1175421994947326027": {"id": "1175421994947326027", "name": "YEE\u5f0f\u6a5f\u5668\u5e7c\u9f8d", "description": null, "permissions": "7272262672", "position": 1, "color": 0, "hoist": false, "managed": true, "mentionable": false, "icon": null, "unicode_emoji": null, "flags": 0, "tags": {"bot_id": "840770984821784601"}}, "1175721284836007938": {"id": "1175721284836007938", "name": "Fusion", "description": null, "permissions": "1345645689", "position": 1, "color": 0, "hoist": false, "managed": true, "mentionable": false, "icon": null, "unicode_emoji": null, "flags": 0, "tags": {"bot_id": "606312049798152204"}}, "1175723901360275458": {"id": "1175723901360275458", "name": "Dank Memer", "description": null, "permissions": "105227086912", "position": 1, "color": 0, "hoist": false, "managed": true, "mentionable": false, "icon": null, "unicode_emoji": null, "flags": 0, "tags": {"bot_id": "270904126974590976"}}}, "custom_regions": {}}