{"id": "1176091478729170994", "name": "\u7c91\u7c91", "icon": null, "description": "", "summary": "", "type": null, "hook": true, "bot_public": true, "bot_require_code_grant": false, "verify_key": "ba5160ad3790604d242c097768bb9a2d964f9f77828a7cb56171e3a171e2d023", "flags": 0, "redirect_uris": [], "rpc_application_state": 0, "store_application_state": 1, "creator_monetization_state": 1, "verification_state": 1, "interactions_endpoint_url": null, "interactions_event_types": [], "interactions_version": 1, "integration_public": true, "integration_require_code_grant": false, "explicit_content_filter": 0, "discoverability_state": 1, "discovery_eligibility_flags": 192, "monetization_state": 1, "role_connections_verification_url": null, "bot": {"id": "1176091478729170994", "username": "\u7c91\u7c91", "global_name": null, "avatar": null, "avatar_decoration_data": null, "discriminator": "8329", "public_flags": 0, "bot": true}, "approximate_guild_count": 0}