{"id": "1174572185998868543", "username": "zzz102", "discriminator": 0, "global_name": "\u6376\u6376", "email": "chuitiechui@gmail.com", "verified": true, "avatar_hash": "157e517cdbf371a47aaead44675714a3", "has_mobile": true, "needs_email_verification": false, "premium_until": null, "flags": 10445360463872, "phone": null, "temp_banned_until": null, "ip": "49.156.34.22", "settings": {"settings": {"versions": {"dataVersion": 34}, "guilds": {"guilds": {"1093573448565018717": {"guildOnboardingProgress": 2}, "662267976984297473": {"guildOnboardingProgress": 2}}}, "userContent": {"dismissedContents": "AAoAAAAAAAAAACCQAAAAACAAAAAAAAAgAAAAAAAAYACBghAY"}, "textAndImages": {"viewImageDescriptions": true, "explicitContentFilter": 1, "viewNsfwCommands": true, "dmSpamFilterV2": "NON_FRIENDS"}, "privacy": {"contactSyncEnabled": true, "friendDiscoveryFlags": 6}, "status": {}, "localization": {"locale": "zh-CN", "timezoneOffset": -420}, "appearance": {"developerMode": true}, "guildFolders": {"folders": [{"guildIds": ["975809819212673065"]}, {"guildIds": ["961810236119875615"]}, {"guildIds": ["662267976984297473"]}, {"guildIds": ["1036752390994542703"]}, {"guildIds": ["1093573448565018717"]}, {"guildIds": ["1174894135992385626"]}, {"guildIds": ["1174574546075004938"]}]}}, "frecency": {}}, "connections": [{"type": "github", "id": "151114630", "name": "lm9958", "visibility": 1, "friend_sync": false, "show_activity": true, "verified": true, "two_way_link": false, "metadata_visibility": 1, "revoked": false}, {"type": "tiktok", "id": "0d5c83f2-bfe4-589c-b53d-9fba47bacc74", "name": "vcchuichui", "visibility": 1, "friend_sync": false, "show_activity": true, "verified": true, "two_way_link": false, "metadata_visibility": 1, "metadata": {"verified": false, "follower_count": 7, "following_count": 12, "likes_count": 58}, "revoked": false}], "external_friends_lists": [], "friend_suggestions": [], "user_sessions": [{"id_hash": "b\"\\xc0\\xf0B\\xae~\\xd0G3'4\\xc6\\xfew1\\xef\\x9a\\xae\\x98\\x07\\xca\\xfaj\\xea\\x01\\x92\\xa0\\xe7\\xc7\\x7fvq\\xc7\"", "user_data": {"version": 1, "creation_time": "2023-11-17T03:45:02.248731+00:00", "expiration_time": "2024-08-26T09:25:27.217964+00:00", "approx_last_used_time": "2023-11-20T09:25:27.217964+00:00", "is_mfa": false, "is_bot": false, "client_info": {"ip": "49.156.34.22", "os": "Android", "platform": "Discord Android"}, "extra_tokens": {"cfduid": {"cfduid_hash": "b'<~\\xd5)o\\x1b\\xda>\"%4\\xe50\\xc1\\x1d\\xadk\\x94\\x1dY\\'.\\x9e\\xfb\\xd7\\x13\\x8e~\\xcfOy\\x0f'"}}}, "is_soft_deleted": false}, {"id_hash": "b'\\xf1w\\xf2\\x89\\xaf3JYt\\xb55\\xa8F\\xa5D%\\x07\\x91\\x1aw\\x0c\\x1e\\xf5\\xf9f\\xb7\\x8e\\x16CT3\"'", "user_data": {"version": 1, "creation_time": "2023-11-17T03:43:14.336321+00:00", "expiration_time": "2024-08-26T09:19:13.202875+00:00", "approx_last_used_time": "2023-11-20T09:19:13.202875+00:00", "is_mfa": false, "is_bot": false, "client_info": {"ip": "49.156.34.22", "os": "Android", "platform": "Android Chrome"}, "extra_tokens": {"cfduid": {"cfduid_hash": "b'*\\xd7\\x85\\xc2\\xb3\\xf8\\xd9z \\x8e\\x01\\x195\\x8e\\xde\\xea\\x9f\\x022kh/\\x19\\xfbF\\xa8=\\x938>\\xbf\\xdd'"}}}, "is_soft_deleted": false}], "relationships": [], "payments": [], "payment_sources": [], "guild_settings": [{"guild_id": "600363644991176822", "suppress_everyone": false, "suppress_roles": false, "mute_scheduled_events": false, "message_notifications": 1, "flags": 16384, "mobile_push": true, "muted": false, "mute_config": null, "hide_muted_channels": false, "channel_overrides": [{"channel_id": "1019640991516463104", "message_notifications": 3, "muted": false, "mute_config": null, "collapsed": false, "flags": 4096}, {"channel_id": "802490465202733058", "message_notifications": 3, "muted": false, "mute_config": null, "collapsed": false, "flags": 4096}, {"channel_id": "987569827814183012", "message_notifications": 3, "muted": false, "mute_config": null, "collapsed": false, "flags": 4096}, {"channel_id": "600369925714083845", "message_notifications": 3, "muted": false, "mute_config": null, "collapsed": false, "flags": 4096}, {"channel_id": "756139377721344010", "message_notifications": 3, "muted": false, "mute_config": null, "collapsed": false, "flags": 4096}, {"channel_id": "949333413511446538", "message_notifications": 3, "muted": false, "mute_config": null, "collapsed": false, "flags": 4096}, {"channel_id": "803540169620717579", "message_notifications": 3, "muted": false, "mute_config": null, "collapsed": false, "flags": 4096}, {"channel_id": "600366554840039438", "message_notifications": 3, "muted": false, "mute_config": null, "collapsed": false, "flags": 4096}, {"channel_id": "994481479973339217", "message_notifications": 3, "muted": false, "mute_config": null, "collapsed": false, "flags": 4096}, {"channel_id": "1001453158490447892", "message_notifications": 3, "muted": false, "mute_config": null, "collapsed": false, "flags": 4096}, {"channel_id": "607499417259474965", "message_notifications": 3, "muted": false, "mute_config": null, "collapsed": false, "flags": 4096}, {"channel_id": "725391539995541656", "message_notifications": 3, "muted": false, "mute_config": null, "collapsed": false, "flags": 4096}, {"channel_id": "900396066585866330", "message_notifications": 3, "muted": false, "mute_config": null, "collapsed": false, "flags": 4096}, {"channel_id": "738958522271924285", "message_notifications": 3, "muted": false, "mute_config": null, "collapsed": false, "flags": 4096}, {"channel_id": "1079343827686539295", "message_notifications": 3, "muted": false, "mute_config": null, "collapsed": false, "flags": 4096}], "notify_highlights": 0, "version": 12}, {"guild_id": "662267976984297473", "suppress_everyone": false, "suppress_roles": false, "mute_scheduled_events": false, "message_notifications": 1, "flags": 16384, "mobile_push": true, "muted": false, "mute_config": null, "hide_muted_channels": false, "channel_overrides": [{"channel_id": "1134613681838239876", "message_notifications": 3, "muted": false, "mute_config": null, "collapsed": false, "flags": 4096}, {"channel_id": "995207232142704650", "message_notifications": 3, "muted": false, "mute_config": null, "collapsed": false, "flags": 4096}, {"channel_id": "1067864372707340298", "message_notifications": 3, "muted": false, "mute_config": null, "collapsed": false, "flags": 4096}, {"channel_id": "964598182225002516", "message_notifications": 3, "muted": false, "mute_config": null, "collapsed": false, "flags": 4096}, {"channel_id": "1134613679590080542", "message_notifications": 3, "muted": false, "mute_config": null, "collapsed": false, "flags": 4096}, {"channel_id": "952771221915840552", "message_notifications": 3, "muted": false, "mute_config": null, "collapsed": false, "flags": 4096}, {"channel_id": "959962985655320616", "message_notifications": 3, "muted": false, "mute_config": null, "collapsed": false, "flags": 4096}, {"channel_id": "999550150705954856", "message_notifications": 3, "muted": false, "mute_config": null, "collapsed": false, "flags": 4096}, {"channel_id": "1134613673374130347", "message_notifications": 3, "muted": false, "mute_config": null, "collapsed": false, "flags": 4096}, {"channel_id": "1008049109338443829", "message_notifications": 3, "muted": false, "mute_config": null, "collapsed": false, "flags": 4096}, {"channel_id": "1134613675383214261", "message_notifications": 3, "muted": false, "mute_config": null, "collapsed": false, "flags": 4096}, {"channel_id": "989981349777637446", "message_notifications": 3, "muted": false, "mute_config": null, "collapsed": false, "flags": 4096}, {"channel_id": "938713143759216720", "message_notifications": 3, "muted": false, "mute_config": null, "collapsed": false, "flags": 4096}, {"channel_id": "1134613671159545956", "message_notifications": 3, "muted": false, "mute_config": null, "collapsed": false, "flags": 4096}, {"channel_id": "1064028865741197413", "message_notifications": 3, "muted": false, "mute_config": null, "collapsed": false, "flags": 4096}, {"channel_id": "1134613683717288166", "message_notifications": 3, "muted": false, "mute_config": null, "collapsed": false, "flags": 4096}, {"channel_id": "1017917091606712430", "message_notifications": 3, "muted": false, "mute_config": null, "collapsed": false, "flags": 4096}, {"channel_id": "1134613677564235886", "message_notifications": 3, "muted": false, "mute_config": null, "collapsed": false, "flags": 4096}, {"channel_id": "1008049088324972657", "message_notifications": 3, "muted": false, "mute_config": null, "collapsed": false, "flags": 4096}, {"channel_id": "992207085146222713", "message_notifications": 3, "muted": false, "mute_config": null, "collapsed": false, "flags": 4096}, {"channel_id": "997270158362034308", "message_notifications": 3, "muted": false, "mute_config": null, "collapsed": false, "flags": 4096}, {"channel_id": "981697658894839848", "message_notifications": 3, "muted": false, "mute_config": null, "collapsed": false, "flags": 4096}, {"channel_id": "989274712590917653", "message_notifications": 3, "muted": false, "mute_config": null, "collapsed": false, "flags": 4096}, {"channel_id": "990816877691437086", "message_notifications": 3, "muted": false, "mute_config": null, "collapsed": false, "flags": 4096}, {"channel_id": "995431544019755070", "message_notifications": 3, "muted": false, "mute_config": null, "collapsed": false, "flags": 4096}, {"channel_id": "942231458918064148", "message_notifications": 3, "muted": false, "mute_config": null, "collapsed": false, "flags": 4096}], "notify_highlights": 0, "version": 10}, {"guild_id": "1093573448565018717", "suppress_everyone": false, "suppress_roles": false, "mute_scheduled_events": false, "message_notifications": 1, "flags": 16384, "mobile_push": true, "muted": false, "mute_config": null, "hide_muted_channels": false, "channel_overrides": [{"channel_id": "1093573449168990240", "message_notifications": 3, "muted": false, "mute_config": null, "collapsed": false, "flags": 4096}, {"channel_id": "1093573449168990241", "message_notifications": 3, "muted": false, "mute_config": null, "collapsed": false, "flags": 4096}, {"channel_id": "1093573449168990243", "message_notifications": 3, "muted": false, "mute_config": null, "collapsed": false, "flags": 4096}, {"channel_id": "1159195545185828864", "message_notifications": 3, "muted": false, "mute_config": null, "collapsed": false, "flags": 4096}, {"channel_id": "1149579299976904775", "message_notifications": 3, "muted": false, "mute_config": null, "collapsed": false, "flags": 4096}, {"channel_id": "1149580223906594828", "message_notifications": 3, "muted": false, "mute_config": null, "collapsed": false, "flags": 4096}, {"channel_id": "1149579582647828550", "message_notifications": 3, "muted": false, "mute_config": null, "collapsed": false, "flags": 4096}, {"channel_id": "1109172932762161282", "message_notifications": 3, "muted": false, "mute_config": null, "collapsed": false, "flags": 4096}, {"channel_id": "1093573449168990244", "message_notifications": 3, "muted": false, "mute_config": null, "collapsed": false, "flags": 4096}, {"channel_id": "1119321125642588281", "message_notifications": 3, "muted": false, "mute_config": null, "collapsed": false, "flags": 4096}, {"channel_id": "1109173112655855697", "message_notifications": 3, "muted": false, "mute_config": null, "collapsed": false, "flags": 4096}, {"channel_id": "1166806530952286249", "message_notifications": 3, "muted": false, "mute_config": null, "collapsed": false, "flags": 4096}, {"channel_id": "1171218827137269860", "message_notifications": 3, "muted": false, "mute_config": null, "collapsed": false, "flags": 4096}, {"channel_id": "1093573449168990239", "message_notifications": 3, "muted": false, "mute_config": null, "collapsed": false, "flags": 4096}, {"channel_id": "1093573449168990238", "message_notifications": 3, "muted": false, "mute_config": null, "collapsed": false, "flags": 4096}], "notify_highlights": 0, "version": 4}], "library_applications": [], "entitlements": [], "user_activity_application_statistics": [], "notes": {}, "user_profile_metadata": null, "application_user_role_connections": []}